<?xml version="1.0" encoding="utf-8"?>
<helpItems schema="maml" xmlns="http://msh">
  <command:command xmlns:maml="http://schemas.microsoft.com/maml/2004/10" xmlns:command="http://schemas.microsoft.com/maml/dev/command/2004/10" xmlns:dev="http://schemas.microsoft.com/maml/dev/2004/10" xmlns:MSHelp="http://msdn.microsoft.com/mshelp">
    <command:details>
      <command:name>Add-AzureADAdministrativeUnitMember</command:name>
      <command:verb>Add</command:verb>
      <command:noun>AzureADAdministrativeUnitMember</command:noun>
      <maml:description>
        <maml:para>添加管理单元成员。</maml:para>
      </maml:description>
    </command:details>
    <maml:description>
      <maml:para>Add-AzureADAdministrativeUnitMember cmdlet 将添加 Active Directory 管理单元成员。</maml:para>
    </maml:description>
    <command:syntax>
      <command:syntaxItem>
        <maml:name>Add-AzureADAdministrativeUnitMember</maml:name>
        <command:parameter required="false" variableLength="true" globbing="false" pipelineInput="False" position="named" aliases="infa">
          <maml:name>InformationAction</maml:name>
          <maml:Description>
            <maml:para>指定此 cmdlet 如何响应信息事件。此参数的可接受值为: * Continue</maml:para>
            <maml:para>- Ignore</maml:para>
            <maml:para>- Inquire</maml:para>
            <maml:para>- SilentlyContinue</maml:para>
            <maml:para>- Stop</maml:para>
            <maml:para>- Suspend</maml:para>
          </maml:Description>
          <command:parameterValue required="true" variableLength="false">ActionPreference</command:parameterValue>
          <dev:type>
            <maml:name>ActionPreference</maml:name>
            <maml:uri/>
          </dev:type>
          <dev:defaultValue>None</dev:defaultValue>
        </command:parameter>
        <command:parameter required="false" variableLength="true" globbing="false" pipelineInput="False" position="named" aliases="iv">
          <maml:name>InformationVariable</maml:name>
          <maml:Description>
            <maml:para>指定要在其中存储信息事件消息的变量。</maml:para>
          </maml:Description>
          <command:parameterValue required="true" variableLength="false">String</command:parameterValue>
          <dev:type>
            <maml:name>String</maml:name>
            <maml:uri/>
          </dev:type>
          <dev:defaultValue>None</dev:defaultValue>
        </command:parameter>
        <command:parameter required="true" variableLength="true" globbing="false" pipelineInput="True (ByPropertyName, ByValue)" position="named" aliases="none">
          <maml:name>ObjectId</maml:name>
          <maml:Description>
            <maml:para>指定 Active Directory 管理单元的 ID。</maml:para>
          </maml:Description>
          <command:parameterValue required="true" variableLength="false">String</command:parameterValue>
          <dev:type>
            <maml:name>String</maml:name>
            <maml:uri/>
          </dev:type>
          <dev:defaultValue>None</dev:defaultValue>
        </command:parameter>
        <command:parameter required="true" variableLength="true" globbing="false" pipelineInput="True (ByPropertyName, ByValue)" position="named" aliases="none">
          <maml:name>RefObjectId</maml:name>
          <maml:Description>
            <maml:para>指定要分配为所有者/管理员/成员的特定 Azure Active Directory 对象的唯一 ID。</maml:para>
          </maml:Description>
          <command:parameterValue required="true" variableLength="false">String</command:parameterValue>
          <dev:type>
            <maml:name>String</maml:name>
            <maml:uri/>
          </dev:type>
          <dev:defaultValue>None</dev:defaultValue>
        </command:parameter>
      </command:syntaxItem>
    </command:syntax>
    <command:parameters>
      <command:parameter required="false" variableLength="true" globbing="false" pipelineInput="False" position="named" aliases="infa">
        <maml:name>InformationAction</maml:name>
        <maml:Description>
          <maml:para>指定此 cmdlet 如何响应信息事件。此参数的可接受值为: * Continue</maml:para>
          <maml:para>- Ignore</maml:para>
          <maml:para>- Inquire</maml:para>
          <maml:para>- SilentlyContinue</maml:para>
          <maml:para>- Stop</maml:para>
          <maml:para>- Suspend</maml:para>
        </maml:Description>
        <command:parameterValue required="true" variableLength="false">ActionPreference</command:parameterValue>
        <dev:type>
          <maml:name>ActionPreference</maml:name>
          <maml:uri/>
        </dev:type>
        <dev:defaultValue>None</dev:defaultValue>
      </command:parameter>
      <command:parameter required="false" variableLength="true" globbing="false" pipelineInput="False" position="named" aliases="iv">
        <maml:name>InformationVariable</maml:name>
        <maml:Description>
          <maml:para>指定要在其中存储信息事件消息的变量。</maml:para>
        </maml:Description>
        <command:parameterValue required="true" variableLength="false">String</command:parameterValue>
        <dev:type>
          <maml:name>String</maml:name>
          <maml:uri/>
        </dev:type>
        <dev:defaultValue>None</dev:defaultValue>
      </command:parameter>
      <command:parameter required="true" variableLength="true" globbing="false" pipelineInput="True (ByPropertyName, ByValue)" position="named" aliases="none">
        <maml:name>ObjectId</maml:name>
        <maml:Description>
          <maml:para>指定 Active Directory 管理单元的 ID。</maml:para>
        </maml:Description>
        <command:parameterValue required="true" variableLength="false">String</command:parameterValue>
        <dev:type>
          <maml:name>String</maml:name>
          <maml:uri/>
        </dev:type>
        <dev:defaultValue>None</dev:defaultValue>
      </command:parameter>
      <command:parameter required="true" variableLength="true" globbing="false" pipelineInput="True (ByPropertyName, ByValue)" position="named" aliases="none">
        <maml:name>RefObjectId</maml:name>
        <maml:Description>
          <maml:para>指定要分配为所有者/管理员/成员的特定 Azure Active Directory 对象的唯一 ID。</maml:para>
        </maml:Description>
        <command:parameterValue required="true" variableLength="false">String</command:parameterValue>
        <dev:type>
          <maml:name>String</maml:name>
          <maml:uri/>
        </dev:type>
        <dev:defaultValue>None</dev:defaultValue>
      </command:parameter>
    </command:parameters>
    <command:inputTypes/>
    <command:returnValues/>
    <maml:alertSet>
      <maml:alert>
        <maml:para></maml:para>
      </maml:alert>
    </maml:alertSet>
    <command:examples/>
    <command:relatedLinks>
      <maml:navigationLink>
        <maml:linkText>Get-AzureADAdministrativeUnitMember</maml:linkText>
        <maml:uri></maml:uri>
      </maml:navigationLink>
      <maml:navigationLink>
        <maml:linkText>Remove-AzureADAdministrativeUnitMember</maml:linkText>
        <maml:uri></maml:uri>
      </maml:navigationLink>
    </command:relatedLinks>
  </command:command>
  <command:command xmlns:maml="http://schemas.microsoft.com/maml/2004/10" xmlns:command="http://schemas.microsoft.com/maml/dev/command/2004/10" xmlns:dev="http://schemas.microsoft.com/maml/dev/2004/10" xmlns:MSHelp="http://msdn.microsoft.com/mshelp">
    <command:details>
      <command:name>Add-AzureADScopedRoleMembership</command:name>
      <command:verb>Add</command:verb>
      <command:noun>AzureADScopedRoleMembership</command:noun>
      <maml:description>
        <maml:para>向管理单元添加作用域内角色成员身份。</maml:para>
      </maml:description>
    </command:details>
    <maml:description>
      <maml:para>Add-AzureADScopedRoleMembership cmdlet 将向管理单元添加作用域内角色成员身份。</maml:para>
    </maml:description>
    <command:syntax>
      <command:syntaxItem>
        <maml:name>Add-AzureADScopedRoleMembership</maml:name>
        <command:parameter required="false" variableLength="true" globbing="false" pipelineInput="False" position="named" aliases="none">
          <maml:name>AdministrativeUnitObjectId</maml:name>
          <maml:Description>
            <maml:para>指定管理单元的 ID。</maml:para>
          </maml:Description>
          <command:parameterValue required="true" variableLength="false">String</command:parameterValue>
          <dev:type>
            <maml:name>String</maml:name>
            <maml:uri/>
          </dev:type>
          <dev:defaultValue>None</dev:defaultValue>
        </command:parameter>
        <command:parameter required="true" variableLength="true" globbing="false" pipelineInput="True (ByPropertyName, ByValue)" position="named" aliases="none">
          <maml:name>ObjectId</maml:name>
          <maml:Description>
            <maml:para></maml:para>
          </maml:Description>
          <command:parameterValue required="true" variableLength="false">String</command:parameterValue>
          <dev:type>
            <maml:name>String</maml:name>
            <maml:uri/>
          </dev:type>
          <dev:defaultValue>None</dev:defaultValue>
        </command:parameter>
        <command:parameter required="false" variableLength="true" globbing="false" pipelineInput="False" position="named" aliases="none">
          <maml:name>RoleMemberInfo</maml:name>
          <maml:Description>
            <maml:para>指定 RoleMemberInfo 对象。</maml:para>
          </maml:Description>
          <command:parameterValue required="true" variableLength="false">RoleMemberInfo</command:parameterValue>
          <dev:type>
            <maml:name>RoleMemberInfo</maml:name>
            <maml:uri/>
          </dev:type>
          <dev:defaultValue>None</dev:defaultValue>
        </command:parameter>
        <command:parameter required="false" variableLength="true" globbing="false" pipelineInput="False" position="named" aliases="none">
          <maml:name>RoleObjectId</maml:name>
          <maml:Description>
            <maml:para></maml:para>
          </maml:Description>
          <command:parameterValue required="true" variableLength="false">String</command:parameterValue>
          <dev:type>
            <maml:name>String</maml:name>
            <maml:uri/>
          </dev:type>
          <dev:defaultValue>None</dev:defaultValue>
        </command:parameter>
      </command:syntaxItem>
    </command:syntax>
    <command:parameters>
      <command:parameter required="false" variableLength="true" globbing="false" pipelineInput="False" position="named" aliases="none">
        <maml:name>AdministrativeUnitObjectId</maml:name>
        <maml:Description>
          <maml:para>指定管理单元的 ID。</maml:para>
        </maml:Description>
        <command:parameterValue required="true" variableLength="false">String</command:parameterValue>
        <dev:type>
          <maml:name>String</maml:name>
          <maml:uri/>
        </dev:type>
        <dev:defaultValue>None</dev:defaultValue>
      </command:parameter>
      <command:parameter required="true" variableLength="true" globbing="false" pipelineInput="True (ByPropertyName, ByValue)" position="named" aliases="none">
        <maml:name>ObjectId</maml:name>
        <maml:Description>
          <maml:para></maml:para>
        </maml:Description>
        <command:parameterValue required="true" variableLength="false">String</command:parameterValue>
        <dev:type>
          <maml:name>String</maml:name>
          <maml:uri/>
        </dev:type>
        <dev:defaultValue>None</dev:defaultValue>
      </command:parameter>
      <command:parameter required="false" variableLength="true" globbing="false" pipelineInput="False" position="named" aliases="none">
        <maml:name>RoleMemberInfo</maml:name>
        <maml:Description>
          <maml:para>指定 RoleMemberInfo 对象。</maml:para>
        </maml:Description>
        <command:parameterValue required="true" variableLength="false">RoleMemberInfo</command:parameterValue>
        <dev:type>
          <maml:name>RoleMemberInfo</maml:name>
          <maml:uri/>
        </dev:type>
        <dev:defaultValue>None</dev:defaultValue>
      </command:parameter>
      <command:parameter required="false" variableLength="true" globbing="false" pipelineInput="False" position="named" aliases="none">
        <maml:name>RoleObjectId</maml:name>
        <maml:Description>
          <maml:para></maml:para>
        </maml:Description>
        <command:parameterValue required="true" variableLength="false">String</command:parameterValue>
        <dev:type>
          <maml:name>String</maml:name>
          <maml:uri/>
        </dev:type>
        <dev:defaultValue>None</dev:defaultValue>
      </command:parameter>
    </command:parameters>
    <command:inputTypes/>
    <command:returnValues/>
    <maml:alertSet>
      <maml:alert>
        <maml:para></maml:para>
      </maml:alert>
    </maml:alertSet>
    <command:examples>
      <command:example>
        <maml:title>示例 1</maml:title>
        <dev:code>$User = Get-AzureADUser -SearchString "The user that will be an admin on this unit"
	$Role = Get-AzureADDirectoryRole | Where-Object -Property DisplayName -EQ -Value "User Account Administrator"
	$Unit = Get-AzureADAdministrativeUnit | Where-Object -Property DisplayName -Eq -Value "&lt;The display name of the unit"
	$RoleMember = New-Object -TypeName Microsoft.Open.AzureAD.Model.RoleMemberInfo
	$RoleMember.ObjectId = $User.ObjectID
	Add-AzureADScopedRoleMembership -ObjectId $unit.ObjectId -RoleObjectId $Role.ObjectId -RoleMemberInfo $RoleMember</dev:code>
        <dev:remarks>
          <maml:para>此 cmdlet 返回作用域角色成员身份对象:</maml:para>
          <maml:para></maml:para>
          <maml:para>	AdministrativeUnitObjectId           RoleObjectId 	--------------------------           ------------ 	c9ab56cc-e349-4237-856e-cab03157a91e 526b7173-5a6e-49dc-88ec-b677a9093709</maml:para>
        </dev:remarks>
      </command:example>
    </command:examples>
    <command:relatedLinks>
      <maml:navigationLink>
        <maml:linkText>Get-AzureADScopedRoleMembership</maml:linkText>
        <maml:uri></maml:uri>
      </maml:navigationLink>
      <maml:navigationLink>
        <maml:linkText>Remove-AzureADScopedRoleMembership</maml:linkText>
        <maml:uri></maml:uri>
      </maml:navigationLink>
    </command:relatedLinks>
  </command:command>
  <command:command xmlns:maml="http://schemas.microsoft.com/maml/2004/10" xmlns:command="http://schemas.microsoft.com/maml/dev/command/2004/10" xmlns:dev="http://schemas.microsoft.com/maml/dev/2004/10" xmlns:MSHelp="http://msdn.microsoft.com/mshelp">
    <command:details>
      <command:name>Get-AzureADAdministrativeUnit</command:name>
      <command:verb>Get</command:verb>
      <command:noun>AzureADAdministrativeUnit</command:noun>
      <maml:description>
        <maml:para>获取管理单元。</maml:para>
      </maml:description>
    </command:details>
    <maml:description>
      <maml:para>Get-AzureADAdministrativeUnit cmdlet 将获取 Azure Active Directory 管理单元。</maml:para>
    </maml:description>
    <command:syntax>
      <command:syntaxItem>
        <maml:name>Get-AzureADAdministrativeUnit</maml:name>
        <command:parameter required="false" variableLength="true" globbing="false" pipelineInput="True (ByPropertyName, ByValue)" position="named" aliases="none">
          <maml:name>All</maml:name>
          <maml:Description>
            <maml:para>如果为 true，则返回所有管理单元。如果为 false，则返回 Top 参数指定的对象数</maml:para>
          </maml:Description>
          <command:parameterValue required="true" variableLength="false">Boolean</command:parameterValue>
          <dev:type>
            <maml:name>Boolean</maml:name>
            <maml:uri/>
          </dev:type>
          <dev:defaultValue>None</dev:defaultValue>
        </command:parameter>
        <command:parameter required="false" variableLength="true" globbing="false" pipelineInput="True (ByPropertyName, ByValue)" position="named" aliases="none">
          <maml:name>Filter</maml:name>
          <maml:Description>
            <maml:para>指定 oData v3.0 筛选器语句。此参数筛选返回哪些对象。</maml:para>
            <maml:para>有关 oData v3.0 筛选器表达式的详细信息，请参阅 https://msdn.microsoft.com/zh-cn/library/hh169248%28v=nav.90%29.aspx</maml:para>
          </maml:Description>
          <command:parameterValue required="true" variableLength="false">String</command:parameterValue>
          <dev:type>
            <maml:name>String</maml:name>
            <maml:uri/>
          </dev:type>
          <dev:defaultValue>None</dev:defaultValue>
        </command:parameter>
        <command:parameter required="false" variableLength="true" globbing="false" pipelineInput="True (ByPropertyName, ByValue)" position="named" aliases="none">
          <maml:name>Top</maml:name>
          <maml:Description>
            <maml:para>指定要返回的最大记录数。</maml:para>
          </maml:Description>
          <command:parameterValue required="true" variableLength="false">Int32</command:parameterValue>
          <dev:type>
            <maml:name>Int32</maml:name>
            <maml:uri/>
          </dev:type>
          <dev:defaultValue>None</dev:defaultValue>
        </command:parameter>
      </command:syntaxItem>
      <command:syntaxItem>
        <maml:name>Get-AzureADAdministrativeUnit</maml:name>
        <command:parameter required="false" variableLength="true" globbing="false" pipelineInput="True (ByPropertyName, ByValue)" position="named" aliases="none">
          <maml:name>All</maml:name>
          <maml:Description>
            <maml:para>如果为 true，则返回所有管理单元。如果为 false，则返回 Top 参数指定的对象数</maml:para>
          </maml:Description>
          <command:parameterValue required="true" variableLength="false">Boolean</command:parameterValue>
          <dev:type>
            <maml:name>Boolean</maml:name>
            <maml:uri/>
          </dev:type>
          <dev:defaultValue>None</dev:defaultValue>
        </command:parameter>
        <command:parameter required="true" variableLength="true" globbing="false" pipelineInput="True (ByPropertyName, ByValue)" position="named" aliases="none">
          <maml:name>ObjectId</maml:name>
          <maml:Description>
            <maml:para>指定 Azure Active Directory 中管理单元的 ID。</maml:para>
          </maml:Description>
          <command:parameterValue required="true" variableLength="false">String</command:parameterValue>
          <dev:type>
            <maml:name>String</maml:name>
            <maml:uri/>
          </dev:type>
          <dev:defaultValue>None</dev:defaultValue>
        </command:parameter>
      </command:syntaxItem>
    </command:syntax>
    <command:parameters>
      <command:parameter required="false" variableLength="true" globbing="false" pipelineInput="True (ByPropertyName, ByValue)" position="named" aliases="none">
        <maml:name>All</maml:name>
        <maml:Description>
          <maml:para>如果为 true，则返回所有管理单元。如果为 false，则返回 Top 参数指定的对象数</maml:para>
        </maml:Description>
        <command:parameterValue required="true" variableLength="false">Boolean</command:parameterValue>
        <dev:type>
          <maml:name>Boolean</maml:name>
          <maml:uri/>
        </dev:type>
        <dev:defaultValue>None</dev:defaultValue>
      </command:parameter>
      <command:parameter required="false" variableLength="true" globbing="false" pipelineInput="True (ByPropertyName, ByValue)" position="named" aliases="none">
        <maml:name>Filter</maml:name>
        <maml:Description>
          <maml:para>指定 oData v3.0 筛选器语句。此参数筛选返回哪些对象。</maml:para>
          <maml:para>有关 oData v3.0 筛选器表达式的详细信息，请参阅 https://msdn.microsoft.com/zh-cn/library/hh169248%28v=nav.90%29.aspx</maml:para>
        </maml:Description>
        <command:parameterValue required="true" variableLength="false">String</command:parameterValue>
        <dev:type>
          <maml:name>String</maml:name>
          <maml:uri/>
        </dev:type>
        <dev:defaultValue>None</dev:defaultValue>
      </command:parameter>
      <command:parameter required="true" variableLength="true" globbing="false" pipelineInput="True (ByPropertyName, ByValue)" position="named" aliases="none">
        <maml:name>ObjectId</maml:name>
        <maml:Description>
          <maml:para>指定 Azure Active Directory 中管理单元的 ID。</maml:para>
        </maml:Description>
        <command:parameterValue required="true" variableLength="false">String</command:parameterValue>
        <dev:type>
          <maml:name>String</maml:name>
          <maml:uri/>
        </dev:type>
        <dev:defaultValue>None</dev:defaultValue>
      </command:parameter>
      <command:parameter required="false" variableLength="true" globbing="false" pipelineInput="True (ByPropertyName, ByValue)" position="named" aliases="none">
        <maml:name>Top</maml:name>
        <maml:Description>
          <maml:para>指定要返回的最大记录数。</maml:para>
        </maml:Description>
        <command:parameterValue required="true" variableLength="false">Int32</command:parameterValue>
        <dev:type>
          <maml:name>Int32</maml:name>
          <maml:uri/>
        </dev:type>
        <dev:defaultValue>None</dev:defaultValue>
      </command:parameter>
    </command:parameters>
    <command:inputTypes/>
    <command:returnValues/>
    <maml:alertSet>
      <maml:alert>
        <maml:para></maml:para>
      </maml:alert>
    </maml:alertSet>
    <command:examples/>
    <command:relatedLinks>
      <maml:navigationLink>
        <maml:linkText>New-AzureADAdministrativeUnit</maml:linkText>
        <maml:uri></maml:uri>
      </maml:navigationLink>
      <maml:navigationLink>
        <maml:linkText>Remove-AzureADAdministrativeUnit</maml:linkText>
        <maml:uri></maml:uri>
      </maml:navigationLink>
      <maml:navigationLink>
        <maml:linkText>Set-AzureADAdministrativeUnit</maml:linkText>
        <maml:uri></maml:uri>
      </maml:navigationLink>
    </command:relatedLinks>
  </command:command>
  <command:command xmlns:maml="http://schemas.microsoft.com/maml/2004/10" xmlns:command="http://schemas.microsoft.com/maml/dev/command/2004/10" xmlns:dev="http://schemas.microsoft.com/maml/dev/2004/10" xmlns:MSHelp="http://msdn.microsoft.com/mshelp">
    <command:details>
      <command:name>Get-AzureADAdministrativeUnitMember</command:name>
      <command:verb>Get</command:verb>
      <command:noun>AzureADAdministrativeUnitMember</command:noun>
      <maml:description>
        <maml:para>获取管理单元的成员。</maml:para>
      </maml:description>
    </command:details>
    <maml:description>
      <maml:para>Get-AzureADAdministrativeUnitMember cmdlet 将获取 Active Directory 管理单元的成员。</maml:para>
    </maml:description>
    <command:syntax>
      <command:syntaxItem>
        <maml:name>Get-AzureADAdministrativeUnitMember</maml:name>
        <command:parameter required="false" variableLength="true" globbing="false" pipelineInput="False" position="named" aliases="infa">
          <maml:name>InformationAction</maml:name>
          <maml:Description>
            <maml:para>指定此 cmdlet 如何响应信息事件。此参数的可接受值为: * Continue</maml:para>
            <maml:para>- Ignore</maml:para>
            <maml:para>- Inquire</maml:para>
            <maml:para>- SilentlyContinue</maml:para>
            <maml:para>- Stop</maml:para>
            <maml:para>- Suspend</maml:para>
          </maml:Description>
          <command:parameterValue required="true" variableLength="false">ActionPreference</command:parameterValue>
          <dev:type>
            <maml:name>ActionPreference</maml:name>
            <maml:uri/>
          </dev:type>
          <dev:defaultValue>None</dev:defaultValue>
        </command:parameter>
        <command:parameter required="false" variableLength="true" globbing="false" pipelineInput="False" position="named" aliases="iv">
          <maml:name>InformationVariable</maml:name>
          <maml:Description>
            <maml:para>指定要在其中存储信息事件消息的变量。</maml:para>
          </maml:Description>
          <command:parameterValue required="true" variableLength="false">String</command:parameterValue>
          <dev:type>
            <maml:name>String</maml:name>
            <maml:uri/>
          </dev:type>
          <dev:defaultValue>None</dev:defaultValue>
        </command:parameter>
        <command:parameter required="true" variableLength="true" globbing="false" pipelineInput="True (ByPropertyName, ByValue)" position="named" aliases="none">
          <maml:name>ObjectId</maml:name>
          <maml:Description>
            <maml:para>指定 Azure Active Directory 中管理单元的 ID。</maml:para>
          </maml:Description>
          <command:parameterValue required="true" variableLength="false">String</command:parameterValue>
          <dev:type>
            <maml:name>String</maml:name>
            <maml:uri/>
          </dev:type>
          <dev:defaultValue>None</dev:defaultValue>
        </command:parameter>
      </command:syntaxItem>
    </command:syntax>
    <command:parameters>
      <command:parameter required="false" variableLength="true" globbing="false" pipelineInput="False" position="named" aliases="infa">
        <maml:name>InformationAction</maml:name>
        <maml:Description>
          <maml:para>指定此 cmdlet 如何响应信息事件。此参数的可接受值为: * Continue</maml:para>
          <maml:para>- Ignore</maml:para>
          <maml:para>- Inquire</maml:para>
          <maml:para>- SilentlyContinue</maml:para>
          <maml:para>- Stop</maml:para>
          <maml:para>- Suspend</maml:para>
        </maml:Description>
        <command:parameterValue required="true" variableLength="false">ActionPreference</command:parameterValue>
        <dev:type>
          <maml:name>ActionPreference</maml:name>
          <maml:uri/>
        </dev:type>
        <dev:defaultValue>None</dev:defaultValue>
      </command:parameter>
      <command:parameter required="false" variableLength="true" globbing="false" pipelineInput="False" position="named" aliases="iv">
        <maml:name>InformationVariable</maml:name>
        <maml:Description>
          <maml:para>指定要在其中存储信息事件消息的变量。</maml:para>
        </maml:Description>
        <command:parameterValue required="true" variableLength="false">String</command:parameterValue>
        <dev:type>
          <maml:name>String</maml:name>
          <maml:uri/>
        </dev:type>
        <dev:defaultValue>None</dev:defaultValue>
      </command:parameter>
      <command:parameter required="true" variableLength="true" globbing="false" pipelineInput="True (ByPropertyName, ByValue)" position="named" aliases="none">
        <maml:name>ObjectId</maml:name>
        <maml:Description>
          <maml:para>指定 Azure Active Directory 中管理单元的 ID。</maml:para>
        </maml:Description>
        <command:parameterValue required="true" variableLength="false">String</command:parameterValue>
        <dev:type>
          <maml:name>String</maml:name>
          <maml:uri/>
        </dev:type>
        <dev:defaultValue>None</dev:defaultValue>
      </command:parameter>
    </command:parameters>
    <command:inputTypes/>
    <command:returnValues/>
    <maml:alertSet>
      <maml:alert>
        <maml:para></maml:para>
      </maml:alert>
    </maml:alertSet>
    <command:examples/>
    <command:relatedLinks>
      <maml:navigationLink>
        <maml:linkText>Add-AzureADAdministrativeUnitMember</maml:linkText>
        <maml:uri></maml:uri>
      </maml:navigationLink>
      <maml:navigationLink>
        <maml:linkText>Remove-AzureADAdministrativeUnitMember</maml:linkText>
        <maml:uri></maml:uri>
      </maml:navigationLink>
    </command:relatedLinks>
  </command:command>
  <command:command xmlns:maml="http://schemas.microsoft.com/maml/2004/10" xmlns:command="http://schemas.microsoft.com/maml/dev/command/2004/10" xmlns:dev="http://schemas.microsoft.com/maml/dev/2004/10" xmlns:MSHelp="http://msdn.microsoft.com/mshelp">
    <command:details>
      <command:name>Get-AzureADScopedRoleMembership</command:name>
      <command:verb>Get</command:verb>
      <command:noun>AzureADScopedRoleMembership</command:noun>
      <maml:description>
        <maml:para>从管理单元中获取作用域内角色成员身份。</maml:para>
      </maml:description>
    </command:details>
    <maml:description>
      <maml:para>Get-AzureADScopedRoleMembership cmdlet 将从 Azure Active Directory (AD)的管理单元中获取作用域内角色成员身份。</maml:para>
    </maml:description>
    <command:syntax>
      <command:syntaxItem>
        <maml:name>Get-AzureADScopedRoleMembership</maml:name>
        <command:parameter required="true" variableLength="true" globbing="false" pipelineInput="True (ByPropertyName, ByValue)" position="named" aliases="none">
          <maml:name>ObjectId</maml:name>
          <maml:Description>
            <maml:para>指定对象的 ID。</maml:para>
          </maml:Description>
          <command:parameterValue required="true" variableLength="false">String</command:parameterValue>
          <dev:type>
            <maml:name>String</maml:name>
            <maml:uri/>
          </dev:type>
          <dev:defaultValue>None</dev:defaultValue>
        </command:parameter>
        <command:parameter required="false" variableLength="true" globbing="false" pipelineInput="True (ByPropertyName, ByValue)" position="named" aliases="none">
          <maml:name>ScopedRoleMembershipId</maml:name>
          <maml:Description>
            <maml:para>指定作用域内角色成员身份的 ID。</maml:para>
          </maml:Description>
          <command:parameterValue required="true" variableLength="false">String</command:parameterValue>
          <dev:type>
            <maml:name>String</maml:name>
            <maml:uri/>
          </dev:type>
          <dev:defaultValue>None</dev:defaultValue>
        </command:parameter>
      </command:syntaxItem>
    </command:syntax>
    <command:parameters>
      <command:parameter required="true" variableLength="true" globbing="false" pipelineInput="True (ByPropertyName, ByValue)" position="named" aliases="none">
        <maml:name>ObjectId</maml:name>
        <maml:Description>
          <maml:para>指定对象的 ID。</maml:para>
        </maml:Description>
        <command:parameterValue required="true" variableLength="false">String</command:parameterValue>
        <dev:type>
          <maml:name>String</maml:name>
          <maml:uri/>
        </dev:type>
        <dev:defaultValue>None</dev:defaultValue>
      </command:parameter>
      <command:parameter required="false" variableLength="true" globbing="false" pipelineInput="True (ByPropertyName, ByValue)" position="named" aliases="none">
        <maml:name>ScopedRoleMembershipId</maml:name>
        <maml:Description>
          <maml:para>指定作用域内角色成员身份的 ID。</maml:para>
        </maml:Description>
        <command:parameterValue required="true" variableLength="false">String</command:parameterValue>
        <dev:type>
          <maml:name>String</maml:name>
          <maml:uri/>
        </dev:type>
        <dev:defaultValue>None</dev:defaultValue>
      </command:parameter>
    </command:parameters>
    <command:inputTypes/>
    <command:returnValues/>
    <maml:alertSet>
      <maml:alert>
        <maml:para></maml:para>
      </maml:alert>
    </maml:alertSet>
    <command:examples>
      <command:example>
        <maml:title>----------- 示例 1 获取作用域内角色管理员 -----------</maml:title>
        <dev:code>PS C:\&gt;Get-AzureADScopedRoleMembership -ObjectId "526b7173-5a6e-49dc-88ec-b677a9093709" -ScopedRoleMembershipId "356b7173-5a6e-49dc-88ec-b677a9093709"</dev:code>
        <dev:remarks>
          <maml:para></maml:para>
        </dev:remarks>
      </command:example>
      <command:example>
        <maml:title>--------- 示例 2 列出 AU 的作用域内管理员。---------</maml:title>
        <dev:code>PS C:\&gt;Get-AzureADScopedRoleMembership -ObjectId "526b7173-5a6e-49dc-88ec-b677a9093709"</dev:code>
        <dev:remarks>
          <maml:para></maml:para>
        </dev:remarks>
      </command:example>
    </command:examples>
    <command:relatedLinks>
      <maml:navigationLink>
        <maml:linkText>Add-AzureADScopedRoleMembership</maml:linkText>
        <maml:uri></maml:uri>
      </maml:navigationLink>
      <maml:navigationLink>
        <maml:linkText>Remove-AzureADScopedRoleMembership</maml:linkText>
        <maml:uri></maml:uri>
      </maml:navigationLink>
    </command:relatedLinks>
  </command:command>
  <command:command xmlns:maml="http://schemas.microsoft.com/maml/2004/10" xmlns:command="http://schemas.microsoft.com/maml/dev/command/2004/10" xmlns:dev="http://schemas.microsoft.com/maml/dev/2004/10" xmlns:MSHelp="http://msdn.microsoft.com/mshelp">
    <command:details>
      <command:name>New-AzureADAdministrativeUnit</command:name>
      <command:verb>New</command:verb>
      <command:noun>AzureADAdministrativeUnit</command:noun>
      <maml:description>
        <maml:para>创建管理单元。</maml:para>
      </maml:description>
    </command:details>
    <maml:description>
      <maml:para>New-AzureADAdministrativeUnit cmdlet 将在 Azure Active Directory (AD)中创建管理单元。</maml:para>
    </maml:description>
    <command:syntax>
      <command:syntaxItem>
        <maml:name>New-AzureADAdministrativeUnit</maml:name>
        <command:parameter required="false" variableLength="true" globbing="false" pipelineInput="False" position="named" aliases="none">
          <maml:name>Description</maml:name>
          <maml:Description>
            <maml:para>指定新管理单元的说明。</maml:para>
          </maml:Description>
          <command:parameterValue required="true" variableLength="false">String</command:parameterValue>
          <dev:type>
            <maml:name>String</maml:name>
            <maml:uri/>
          </dev:type>
          <dev:defaultValue>None</dev:defaultValue>
        </command:parameter>
        <command:parameter required="true" variableLength="true" globbing="false" pipelineInput="False" position="named" aliases="none">
          <maml:name>DisplayName</maml:name>
          <maml:Description>
            <maml:para>指定新管理单元的显示名称。</maml:para>
          </maml:Description>
          <command:parameterValue required="true" variableLength="false">String</command:parameterValue>
          <dev:type>
            <maml:name>String</maml:name>
            <maml:uri/>
          </dev:type>
          <dev:defaultValue>None</dev:defaultValue>
        </command:parameter>
        <command:parameter required="false" variableLength="true" globbing="false" pipelineInput="False" position="named" aliases="infa">
          <maml:name>InformationAction</maml:name>
          <maml:Description>
            <maml:para>指定此 cmdlet 如何响应信息事件。此参数的可接受值为:</maml:para>
            <maml:para>- Continue</maml:para>
            <maml:para>- Ignore</maml:para>
            <maml:para>- Inquire</maml:para>
            <maml:para>- SilentlyContinue</maml:para>
            <maml:para>- Stop</maml:para>
            <maml:para>- Suspend</maml:para>
          </maml:Description>
          <command:parameterValue required="true" variableLength="false">ActionPreference</command:parameterValue>
          <dev:type>
            <maml:name>ActionPreference</maml:name>
            <maml:uri/>
          </dev:type>
          <dev:defaultValue>None</dev:defaultValue>
        </command:parameter>
        <command:parameter required="false" variableLength="true" globbing="false" pipelineInput="False" position="named" aliases="iv">
          <maml:name>InformationVariable</maml:name>
          <maml:Description>
            <maml:para>指定信息变量。</maml:para>
          </maml:Description>
          <command:parameterValue required="true" variableLength="false">String</command:parameterValue>
          <dev:type>
            <maml:name>String</maml:name>
            <maml:uri/>
          </dev:type>
          <dev:defaultValue>None</dev:defaultValue>
        </command:parameter>
      </command:syntaxItem>
    </command:syntax>
    <command:parameters>
      <command:parameter required="false" variableLength="true" globbing="false" pipelineInput="False" position="named" aliases="none">
        <maml:name>Description</maml:name>
        <maml:Description>
          <maml:para>指定新管理单元的说明。</maml:para>
        </maml:Description>
        <command:parameterValue required="true" variableLength="false">String</command:parameterValue>
        <dev:type>
          <maml:name>String</maml:name>
          <maml:uri/>
        </dev:type>
        <dev:defaultValue>None</dev:defaultValue>
      </command:parameter>
      <command:parameter required="true" variableLength="true" globbing="false" pipelineInput="False" position="named" aliases="none">
        <maml:name>DisplayName</maml:name>
        <maml:Description>
          <maml:para>指定新管理单元的显示名称。</maml:para>
        </maml:Description>
        <command:parameterValue required="true" variableLength="false">String</command:parameterValue>
        <dev:type>
          <maml:name>String</maml:name>
          <maml:uri/>
        </dev:type>
        <dev:defaultValue>None</dev:defaultValue>
      </command:parameter>
      <command:parameter required="false" variableLength="true" globbing="false" pipelineInput="False" position="named" aliases="infa">
        <maml:name>InformationAction</maml:name>
        <maml:Description>
          <maml:para>指定此 cmdlet 如何响应信息事件。此参数的可接受值为:</maml:para>
          <maml:para>- Continue</maml:para>
          <maml:para>- Ignore</maml:para>
          <maml:para>- Inquire</maml:para>
          <maml:para>- SilentlyContinue</maml:para>
          <maml:para>- Stop</maml:para>
          <maml:para>- Suspend</maml:para>
        </maml:Description>
        <command:parameterValue required="true" variableLength="false">ActionPreference</command:parameterValue>
        <dev:type>
          <maml:name>ActionPreference</maml:name>
          <maml:uri/>
        </dev:type>
        <dev:defaultValue>None</dev:defaultValue>
      </command:parameter>
      <command:parameter required="false" variableLength="true" globbing="false" pipelineInput="False" position="named" aliases="iv">
        <maml:name>InformationVariable</maml:name>
        <maml:Description>
          <maml:para>指定信息变量。</maml:para>
        </maml:Description>
        <command:parameterValue required="true" variableLength="false">String</command:parameterValue>
        <dev:type>
          <maml:name>String</maml:name>
          <maml:uri/>
        </dev:type>
        <dev:defaultValue>None</dev:defaultValue>
      </command:parameter>
    </command:parameters>
    <command:inputTypes/>
    <command:returnValues/>
    <maml:alertSet>
      <maml:alert>
        <maml:para></maml:para>
      </maml:alert>
    </maml:alertSet>
    <command:examples/>
    <command:relatedLinks>
      <maml:navigationLink>
        <maml:linkText>Get-AzureADAdministrativeUnit</maml:linkText>
        <maml:uri></maml:uri>
      </maml:navigationLink>
      <maml:navigationLink>
        <maml:linkText>Remove-AzureADAdministrativeUnit</maml:linkText>
        <maml:uri></maml:uri>
      </maml:navigationLink>
      <maml:navigationLink>
        <maml:linkText>Set-AzureADAdministrativeUnit</maml:linkText>
        <maml:uri></maml:uri>
      </maml:navigationLink>
    </command:relatedLinks>
  </command:command>
  <command:command xmlns:maml="http://schemas.microsoft.com/maml/2004/10" xmlns:command="http://schemas.microsoft.com/maml/dev/command/2004/10" xmlns:dev="http://schemas.microsoft.com/maml/dev/2004/10" xmlns:MSHelp="http://msdn.microsoft.com/mshelp">
    <command:details>
      <command:name>Remove-AzureADAdministrativeUnit</command:name>
      <command:verb>Remove</command:verb>
      <command:noun>AzureADAdministrativeUnit</command:noun>
      <maml:description>
        <maml:para>删除管理单元。</maml:para>
      </maml:description>
    </command:details>
    <maml:description>
      <maml:para>Remove-AzureADAdministrativeUnit cmdlet 将从 Azure Active Directory 中删除管理单元。</maml:para>
    </maml:description>
    <command:syntax>
      <command:syntaxItem>
        <maml:name>Remove-AzureADAdministrativeUnit</maml:name>
        <command:parameter required="false" variableLength="true" globbing="false" pipelineInput="False" position="named" aliases="infa">
          <maml:name>InformationAction</maml:name>
          <maml:Description>
            <maml:para>指定此 cmdlet 如何响应信息事件。此参数的可接受值为: * Continue</maml:para>
            <maml:para>- Ignore</maml:para>
            <maml:para>- Inquire</maml:para>
            <maml:para>- SilentlyContinue</maml:para>
            <maml:para>- Stop</maml:para>
            <maml:para>- Suspend</maml:para>
          </maml:Description>
          <command:parameterValue required="true" variableLength="false">ActionPreference</command:parameterValue>
          <dev:type>
            <maml:name>ActionPreference</maml:name>
            <maml:uri/>
          </dev:type>
          <dev:defaultValue>None</dev:defaultValue>
        </command:parameter>
        <command:parameter required="false" variableLength="true" globbing="false" pipelineInput="False" position="named" aliases="iv">
          <maml:name>InformationVariable</maml:name>
          <maml:Description>
            <maml:para>指定要在其中存储信息事件消息的变量。</maml:para>
          </maml:Description>
          <command:parameterValue required="true" variableLength="false">String</command:parameterValue>
          <dev:type>
            <maml:name>String</maml:name>
            <maml:uri/>
          </dev:type>
          <dev:defaultValue>None</dev:defaultValue>
        </command:parameter>
        <command:parameter required="true" variableLength="true" globbing="false" pipelineInput="True (ByPropertyName, ByValue)" position="named" aliases="none">
          <maml:name>ObjectId</maml:name>
          <maml:Description>
            <maml:para>指定 Active Directory 中管理单元的 ID。</maml:para>
          </maml:Description>
          <command:parameterValue required="true" variableLength="false">String</command:parameterValue>
          <dev:type>
            <maml:name>String</maml:name>
            <maml:uri/>
          </dev:type>
          <dev:defaultValue>None</dev:defaultValue>
        </command:parameter>
      </command:syntaxItem>
    </command:syntax>
    <command:parameters>
      <command:parameter required="false" variableLength="true" globbing="false" pipelineInput="False" position="named" aliases="infa">
        <maml:name>InformationAction</maml:name>
        <maml:Description>
          <maml:para>指定此 cmdlet 如何响应信息事件。此参数的可接受值为: * Continue</maml:para>
          <maml:para>- Ignore</maml:para>
          <maml:para>- Inquire</maml:para>
          <maml:para>- SilentlyContinue</maml:para>
          <maml:para>- Stop</maml:para>
          <maml:para>- Suspend</maml:para>
        </maml:Description>
        <command:parameterValue required="true" variableLength="false">ActionPreference</command:parameterValue>
        <dev:type>
          <maml:name>ActionPreference</maml:name>
          <maml:uri/>
        </dev:type>
        <dev:defaultValue>None</dev:defaultValue>
      </command:parameter>
      <command:parameter required="false" variableLength="true" globbing="false" pipelineInput="False" position="named" aliases="iv">
        <maml:name>InformationVariable</maml:name>
        <maml:Description>
          <maml:para>指定要在其中存储信息事件消息的变量。</maml:para>
        </maml:Description>
        <command:parameterValue required="true" variableLength="false">String</command:parameterValue>
        <dev:type>
          <maml:name>String</maml:name>
          <maml:uri/>
        </dev:type>
        <dev:defaultValue>None</dev:defaultValue>
      </command:parameter>
      <command:parameter required="true" variableLength="true" globbing="false" pipelineInput="True (ByPropertyName, ByValue)" position="named" aliases="none">
        <maml:name>ObjectId</maml:name>
        <maml:Description>
          <maml:para>指定 Active Directory 中管理单元的 ID。</maml:para>
        </maml:Description>
        <command:parameterValue required="true" variableLength="false">String</command:parameterValue>
        <dev:type>
          <maml:name>String</maml:name>
          <maml:uri/>
        </dev:type>
        <dev:defaultValue>None</dev:defaultValue>
      </command:parameter>
    </command:parameters>
    <command:inputTypes/>
    <command:returnValues/>
    <maml:alertSet>
      <maml:alert>
        <maml:para></maml:para>
      </maml:alert>
    </maml:alertSet>
    <command:examples/>
    <command:relatedLinks>
      <maml:navigationLink>
        <maml:linkText>Get-AzureADAdministrativeUnit</maml:linkText>
        <maml:uri></maml:uri>
      </maml:navigationLink>
      <maml:navigationLink>
        <maml:linkText>Set-AzureADAdministrativeUnit</maml:linkText>
        <maml:uri></maml:uri>
      </maml:navigationLink>
    </command:relatedLinks>
  </command:command>
  <command:command xmlns:maml="http://schemas.microsoft.com/maml/2004/10" xmlns:command="http://schemas.microsoft.com/maml/dev/command/2004/10" xmlns:dev="http://schemas.microsoft.com/maml/dev/2004/10" xmlns:MSHelp="http://msdn.microsoft.com/mshelp">
    <command:details>
      <command:name>Remove-AzureADAdministrativeUnitMember</command:name>
      <command:verb>Remove</command:verb>
      <command:noun>AzureADAdministrativeUnitMember</command:noun>
      <maml:description>
        <maml:para>删除管理单元成员。</maml:para>
      </maml:description>
    </command:details>
    <maml:description>
      <maml:para>Remove-AzureADAdministrativeUnitMember cmdlet 将删除 Azure Active Directory (AD)中的管理单元成员。</maml:para>
    </maml:description>
    <command:syntax>
      <command:syntaxItem>
        <maml:name>Remove-AzureADAdministrativeUnitMember</maml:name>
        <command:parameter required="false" variableLength="true" globbing="false" pipelineInput="False" position="named" aliases="infa">
          <maml:name>InformationAction</maml:name>
          <maml:Description>
            <maml:para>指定此 cmdlet 如何响应信息事件。</maml:para>
            <maml:para>此参数的可接受值为:</maml:para>
            <maml:para>- Continue</maml:para>
            <maml:para>- Ignore</maml:para>
            <maml:para>- Inquire</maml:para>
            <maml:para>- SilentlyContinue</maml:para>
            <maml:para>- Stop</maml:para>
            <maml:para>- Suspend</maml:para>
          </maml:Description>
          <command:parameterValue required="true" variableLength="false">ActionPreference</command:parameterValue>
          <dev:type>
            <maml:name>ActionPreference</maml:name>
            <maml:uri/>
          </dev:type>
          <dev:defaultValue>None</dev:defaultValue>
        </command:parameter>
        <command:parameter required="false" variableLength="true" globbing="false" pipelineInput="False" position="named" aliases="iv">
          <maml:name>InformationVariable</maml:name>
          <maml:Description>
            <maml:para>指定信息变量。</maml:para>
          </maml:Description>
          <command:parameterValue required="true" variableLength="false">String</command:parameterValue>
          <dev:type>
            <maml:name>String</maml:name>
            <maml:uri/>
          </dev:type>
          <dev:defaultValue>None</dev:defaultValue>
        </command:parameter>
        <command:parameter required="true" variableLength="true" globbing="false" pipelineInput="True (ByPropertyName, ByValue)" position="named" aliases="none">
          <maml:name>MemberId</maml:name>
          <maml:Description>
            <maml:para>指定管理单元成员的 ID。</maml:para>
          </maml:Description>
          <command:parameterValue required="true" variableLength="false">String</command:parameterValue>
          <dev:type>
            <maml:name>String</maml:name>
            <maml:uri/>
          </dev:type>
          <dev:defaultValue>None</dev:defaultValue>
        </command:parameter>
        <command:parameter required="true" variableLength="true" globbing="false" pipelineInput="True (ByPropertyName, ByValue)" position="named" aliases="none">
          <maml:name>ObjectId</maml:name>
          <maml:Description>
            <maml:para>指定 Azure AD 中管理单元的 ID。</maml:para>
          </maml:Description>
          <command:parameterValue required="true" variableLength="false">String</command:parameterValue>
          <dev:type>
            <maml:name>String</maml:name>
            <maml:uri/>
          </dev:type>
          <dev:defaultValue>None</dev:defaultValue>
        </command:parameter>
      </command:syntaxItem>
    </command:syntax>
    <command:parameters>
      <command:parameter required="false" variableLength="true" globbing="false" pipelineInput="False" position="named" aliases="infa">
        <maml:name>InformationAction</maml:name>
        <maml:Description>
          <maml:para>指定此 cmdlet 如何响应信息事件。</maml:para>
          <maml:para>此参数的可接受值为:</maml:para>
          <maml:para>- Continue</maml:para>
          <maml:para>- Ignore</maml:para>
          <maml:para>- Inquire</maml:para>
          <maml:para>- SilentlyContinue</maml:para>
          <maml:para>- Stop</maml:para>
          <maml:para>- Suspend</maml:para>
        </maml:Description>
        <command:parameterValue required="true" variableLength="false">ActionPreference</command:parameterValue>
        <dev:type>
          <maml:name>ActionPreference</maml:name>
          <maml:uri/>
        </dev:type>
        <dev:defaultValue>None</dev:defaultValue>
      </command:parameter>
      <command:parameter required="false" variableLength="true" globbing="false" pipelineInput="False" position="named" aliases="iv">
        <maml:name>InformationVariable</maml:name>
        <maml:Description>
          <maml:para>指定信息变量。</maml:para>
        </maml:Description>
        <command:parameterValue required="true" variableLength="false">String</command:parameterValue>
        <dev:type>
          <maml:name>String</maml:name>
          <maml:uri/>
        </dev:type>
        <dev:defaultValue>None</dev:defaultValue>
      </command:parameter>
      <command:parameter required="true" variableLength="true" globbing="false" pipelineInput="True (ByPropertyName, ByValue)" position="named" aliases="none">
        <maml:name>MemberId</maml:name>
        <maml:Description>
          <maml:para>指定管理单元成员的 ID。</maml:para>
        </maml:Description>
        <command:parameterValue required="true" variableLength="false">String</command:parameterValue>
        <dev:type>
          <maml:name>String</maml:name>
          <maml:uri/>
        </dev:type>
        <dev:defaultValue>None</dev:defaultValue>
      </command:parameter>
      <command:parameter required="true" variableLength="true" globbing="false" pipelineInput="True (ByPropertyName, ByValue)" position="named" aliases="none">
        <maml:name>ObjectId</maml:name>
        <maml:Description>
          <maml:para>指定 Azure AD 中管理单元的 ID。</maml:para>
        </maml:Description>
        <command:parameterValue required="true" variableLength="false">String</command:parameterValue>
        <dev:type>
          <maml:name>String</maml:name>
          <maml:uri/>
        </dev:type>
        <dev:defaultValue>None</dev:defaultValue>
      </command:parameter>
    </command:parameters>
    <command:inputTypes/>
    <command:returnValues/>
    <maml:alertSet>
      <maml:alert>
        <maml:para></maml:para>
      </maml:alert>
    </maml:alertSet>
    <command:examples/>
    <command:relatedLinks>
      <maml:navigationLink>
        <maml:linkText>Add-AzureADAdministrativeUnitMember</maml:linkText>
        <maml:uri></maml:uri>
      </maml:navigationLink>
      <maml:navigationLink>
        <maml:linkText>Remove-AzureADAdministrativeUnitMember</maml:linkText>
        <maml:uri></maml:uri>
      </maml:navigationLink>
    </command:relatedLinks>
  </command:command>
  <command:command xmlns:maml="http://schemas.microsoft.com/maml/2004/10" xmlns:command="http://schemas.microsoft.com/maml/dev/command/2004/10" xmlns:dev="http://schemas.microsoft.com/maml/dev/2004/10" xmlns:MSHelp="http://msdn.microsoft.com/mshelp">
    <command:details>
      <command:name>Remove-AzureADScopedRoleMembership</command:name>
      <command:verb>Remove</command:verb>
      <command:noun>AzureADScopedRoleMembership</command:noun>
      <maml:description>
        <maml:para>删除作用域内角色成员身份。</maml:para>
      </maml:description>
    </command:details>
    <maml:description>
      <maml:para>Remove-AzureADScopedRoleMembership cmdlet 将从 Azure Active Directory (AD)中删除作用域内角色成员身份。</maml:para>
    </maml:description>
    <command:syntax>
      <command:syntaxItem>
        <maml:name>Remove-AzureADScopedRoleMembership</maml:name>
        <command:parameter required="true" variableLength="true" globbing="false" pipelineInput="True (ByPropertyName, ByValue)" position="named" aliases="none">
          <maml:name>ObjectId</maml:name>
          <maml:Description>
            <maml:para>指定对象 ID。</maml:para>
          </maml:Description>
          <command:parameterValue required="true" variableLength="false">String</command:parameterValue>
          <dev:type>
            <maml:name>String</maml:name>
            <maml:uri/>
          </dev:type>
          <dev:defaultValue>None</dev:defaultValue>
        </command:parameter>
        <command:parameter required="true" variableLength="true" globbing="false" pipelineInput="True (ByPropertyName, ByValue)" position="named" aliases="none">
          <maml:name>ScopedRoleMembershipId</maml:name>
          <maml:Description>
            <maml:para>指定要删除的作用域内角色成员身份 ID。</maml:para>
          </maml:Description>
          <command:parameterValue required="true" variableLength="false">String</command:parameterValue>
          <dev:type>
            <maml:name>String</maml:name>
            <maml:uri/>
          </dev:type>
          <dev:defaultValue>None</dev:defaultValue>
        </command:parameter>
      </command:syntaxItem>
    </command:syntax>
    <command:parameters>
      <command:parameter required="true" variableLength="true" globbing="false" pipelineInput="True (ByPropertyName, ByValue)" position="named" aliases="none">
        <maml:name>ObjectId</maml:name>
        <maml:Description>
          <maml:para>指定对象 ID。</maml:para>
        </maml:Description>
        <command:parameterValue required="true" variableLength="false">String</command:parameterValue>
        <dev:type>
          <maml:name>String</maml:name>
          <maml:uri/>
        </dev:type>
        <dev:defaultValue>None</dev:defaultValue>
      </command:parameter>
      <command:parameter required="true" variableLength="true" globbing="false" pipelineInput="True (ByPropertyName, ByValue)" position="named" aliases="none">
        <maml:name>ScopedRoleMembershipId</maml:name>
        <maml:Description>
          <maml:para>指定要删除的作用域内角色成员身份 ID。</maml:para>
        </maml:Description>
        <command:parameterValue required="true" variableLength="false">String</command:parameterValue>
        <dev:type>
          <maml:name>String</maml:name>
          <maml:uri/>
        </dev:type>
        <dev:defaultValue>None</dev:defaultValue>
      </command:parameter>
    </command:parameters>
    <command:inputTypes/>
    <command:returnValues/>
    <maml:alertSet>
      <maml:alert>
        <maml:para></maml:para>
      </maml:alert>
    </maml:alertSet>
    <command:examples>
      <command:example>
        <maml:title>-------------------------- 示例 1 --------------------------</maml:title>
        <dev:code>Remove-AzureADScopedRoleMembership -ObjectId "1026185e-25df-4522-a380-7ab697a7241c" -ScopedRoleMembershipId "3028185e-25df-4522-a380-7ab697a7241c"</dev:code>
        <dev:remarks>
          <maml:para>删除作用域内成员身份。</maml:para>
        </dev:remarks>
      </command:example>
    </command:examples>
    <command:relatedLinks>
      <maml:navigationLink>
        <maml:linkText>Add-AzureADScopedRoleMembership</maml:linkText>
        <maml:uri></maml:uri>
      </maml:navigationLink>
      <maml:navigationLink>
        <maml:linkText>Get-AzureADScopedRoleMembership</maml:linkText>
        <maml:uri></maml:uri>
      </maml:navigationLink>
    </command:relatedLinks>
  </command:command>
  <command:command xmlns:maml="http://schemas.microsoft.com/maml/2004/10" xmlns:command="http://schemas.microsoft.com/maml/dev/command/2004/10" xmlns:dev="http://schemas.microsoft.com/maml/dev/2004/10" xmlns:MSHelp="http://msdn.microsoft.com/mshelp">
    <command:details>
      <command:name>Set-AzureADAdministrativeUnit</command:name>
      <command:verb>Set</command:verb>
      <command:noun>AzureADAdministrativeUnit</command:noun>
      <maml:description>
        <maml:para>更新管理单元。</maml:para>
      </maml:description>
    </command:details>
    <maml:description>
      <maml:para>Set-AzureADAdministrativeUnit cmdlet 将更新 Azure Active Directory (AD)中的管理单元。</maml:para>
    </maml:description>
    <command:syntax>
      <command:syntaxItem>
        <maml:name>Set-AzureADAdministrativeUnit</maml:name>
        <command:parameter required="false" variableLength="true" globbing="false" pipelineInput="False" position="named" aliases="none">
          <maml:name>Description</maml:name>
          <maml:Description>
            <maml:para>指定说明。</maml:para>
          </maml:Description>
          <command:parameterValue required="true" variableLength="false">String</command:parameterValue>
          <dev:type>
            <maml:name>String</maml:name>
            <maml:uri/>
          </dev:type>
          <dev:defaultValue>None</dev:defaultValue>
        </command:parameter>
        <command:parameter required="false" variableLength="true" globbing="false" pipelineInput="False" position="named" aliases="none">
          <maml:name>DisplayName</maml:name>
          <maml:Description>
            <maml:para>指定一个显示名称。</maml:para>
          </maml:Description>
          <command:parameterValue required="true" variableLength="false">String</command:parameterValue>
          <dev:type>
            <maml:name>String</maml:name>
            <maml:uri/>
          </dev:type>
          <dev:defaultValue>None</dev:defaultValue>
        </command:parameter>
        <command:parameter required="false" variableLength="true" globbing="false" pipelineInput="False" position="named" aliases="infa">
          <maml:name>InformationAction</maml:name>
          <maml:Description>
            <maml:para>指定此 cmdlet 如何响应信息事件。此参数的可接受值为:</maml:para>
            <maml:para>- Continue</maml:para>
            <maml:para>- Ignore</maml:para>
            <maml:para>- Inquire</maml:para>
            <maml:para>- SilentlyContinue</maml:para>
            <maml:para>- Stop</maml:para>
            <maml:para>- Suspend</maml:para>
          </maml:Description>
          <command:parameterValue required="true" variableLength="false">ActionPreference</command:parameterValue>
          <dev:type>
            <maml:name>ActionPreference</maml:name>
            <maml:uri/>
          </dev:type>
          <dev:defaultValue>None</dev:defaultValue>
        </command:parameter>
        <command:parameter required="false" variableLength="true" globbing="false" pipelineInput="False" position="named" aliases="iv">
          <maml:name>InformationVariable</maml:name>
          <maml:Description>
            <maml:para>指定信息变量。</maml:para>
          </maml:Description>
          <command:parameterValue required="true" variableLength="false">String</command:parameterValue>
          <dev:type>
            <maml:name>String</maml:name>
            <maml:uri/>
          </dev:type>
          <dev:defaultValue>None</dev:defaultValue>
        </command:parameter>
        <command:parameter required="true" variableLength="true" globbing="false" pipelineInput="True (ByPropertyName, ByValue)" position="named" aliases="none">
          <maml:name>ObjectId</maml:name>
          <maml:Description>
            <maml:para>指定 Azure AD 中管理单元的 ID。</maml:para>
          </maml:Description>
          <command:parameterValue required="true" variableLength="false">String</command:parameterValue>
          <dev:type>
            <maml:name>String</maml:name>
            <maml:uri/>
          </dev:type>
          <dev:defaultValue>None</dev:defaultValue>
        </command:parameter>
      </command:syntaxItem>
    </command:syntax>
    <command:parameters>
      <command:parameter required="false" variableLength="true" globbing="false" pipelineInput="False" position="named" aliases="none">
        <maml:name>Description</maml:name>
        <maml:Description>
          <maml:para>指定说明。</maml:para>
        </maml:Description>
        <command:parameterValue required="true" variableLength="false">String</command:parameterValue>
        <dev:type>
          <maml:name>String</maml:name>
          <maml:uri/>
        </dev:type>
        <dev:defaultValue>None</dev:defaultValue>
      </command:parameter>
      <command:parameter required="false" variableLength="true" globbing="false" pipelineInput="False" position="named" aliases="none">
        <maml:name>DisplayName</maml:name>
        <maml:Description>
          <maml:para>指定一个显示名称。</maml:para>
        </maml:Description>
        <command:parameterValue required="true" variableLength="false">String</command:parameterValue>
        <dev:type>
          <maml:name>String</maml:name>
          <maml:uri/>
        </dev:type>
        <dev:defaultValue>None</dev:defaultValue>
      </command:parameter>
      <command:parameter required="false" variableLength="true" globbing="false" pipelineInput="False" position="named" aliases="infa">
        <maml:name>InformationAction</maml:name>
        <maml:Description>
          <maml:para>指定此 cmdlet 如何响应信息事件。此参数的可接受值为:</maml:para>
          <maml:para>- Continue</maml:para>
          <maml:para>- Ignore</maml:para>
          <maml:para>- Inquire</maml:para>
          <maml:para>- SilentlyContinue</maml:para>
          <maml:para>- Stop</maml:para>
          <maml:para>- Suspend</maml:para>
        </maml:Description>
        <command:parameterValue required="true" variableLength="false">ActionPreference</command:parameterValue>
        <dev:type>
          <maml:name>ActionPreference</maml:name>
          <maml:uri/>
        </dev:type>
        <dev:defaultValue>None</dev:defaultValue>
      </command:parameter>
      <command:parameter required="false" variableLength="true" globbing="false" pipelineInput="False" position="named" aliases="iv">
        <maml:name>InformationVariable</maml:name>
        <maml:Description>
          <maml:para>指定信息变量。</maml:para>
        </maml:Description>
        <command:parameterValue required="true" variableLength="false">String</command:parameterValue>
        <dev:type>
          <maml:name>String</maml:name>
          <maml:uri/>
        </dev:type>
        <dev:defaultValue>None</dev:defaultValue>
      </command:parameter>
      <command:parameter required="true" variableLength="true" globbing="false" pipelineInput="True (ByPropertyName, ByValue)" position="named" aliases="none">
        <maml:name>ObjectId</maml:name>
        <maml:Description>
          <maml:para>指定 Azure AD 中管理单元的 ID。</maml:para>
        </maml:Description>
        <command:parameterValue required="true" variableLength="false">String</command:parameterValue>
        <dev:type>
          <maml:name>String</maml:name>
          <maml:uri/>
        </dev:type>
        <dev:defaultValue>None</dev:defaultValue>
      </command:parameter>
    </command:parameters>
    <command:inputTypes/>
    <command:returnValues/>
    <maml:alertSet>
      <maml:alert>
        <maml:para></maml:para>
      </maml:alert>
    </maml:alertSet>
    <command:examples/>
    <command:relatedLinks>
      <maml:navigationLink>
        <maml:linkText>Get-AzureADAdministrativeUnit</maml:linkText>
        <maml:uri></maml:uri>
      </maml:navigationLink>
      <maml:navigationLink>
        <maml:linkText>New-AzureADAdministrativeUnit</maml:linkText>
        <maml:uri></maml:uri>
      </maml:navigationLink>
      <maml:navigationLink>
        <maml:linkText>Remove-AzureADAdministrativeUnit</maml:linkText>
        <maml:uri></maml:uri>
      </maml:navigationLink>
    </command:relatedLinks>
  </command:command>
  <command:command xmlns:maml="http://schemas.microsoft.com/maml/2004/10" xmlns:command="http://schemas.microsoft.com/maml/dev/command/2004/10" xmlns:dev="http://schemas.microsoft.com/maml/dev/2004/10">
    <command:details>
        <command:name>
            Get-AzureADExternalDomainFederation
        </command:name>
        <maml:description>
            <maml:para>按外部域名获取 externalDomainFederation。</maml:para>
        </maml:description>
        <maml:copyright>
            <maml:para></maml:para>
        </maml:copyright>
        <command:verb>Get</command:verb>
        <command:noun>AzureADExternalDomainFederation</command:noun>
        <dev:version></dev:version>
    </command:details>
    <maml:description>
        <maml:para></maml:para>
    </maml:description>
    <!-- Cmdlet syntax section-->
    <command:syntax>
        <command:syntaxitem>
            <maml:name>Get-AzureADExternalDomainFederation</maml:name>
            <command:parameter required="true" variablelength="false" globbing="false" pipelineinput="true" position="named">
                <maml:name>ExternalDomainName</maml:name>
                <maml:description>
                    <maml:para>Azure Active Directory 中 externalDomainFederation 的唯一标识符</maml:para>
                </maml:description>
                <command:parametervalue required="true" variablelength="false">string</command:parametervalue>
            </command:parameter>
            <command:parameter required="false" variablelength="false" globbing="false" pipelineinput="true" position="named">
                <maml:name>All</maml:name>
                <maml:description>
                    <maml:para>表示是否从服务器返回特定查询的所有结果的布尔值</maml:para>
                </maml:description>
                <command:parametervalue required="false" variablelength="false">bool?</command:parametervalue>
            </command:parameter>
            <command:parameter required="false" variablelength="false" globbing="false" pipelineinput="true" position="named">
                <maml:name>Top</maml:name>
                <maml:description>
                    <maml:para>要返回的最大记录数。</maml:para>
                </maml:description>
                <command:parametervalue required="false" variablelength="false">int?</command:parametervalue>
            </command:parameter>
            <command:parameter required="false" variablelength="false" globbing="false" pipelineinput="true" position="named">
                <maml:name>Filter</maml:name>
                <maml:description>
                    <maml:para>oData v3.0 筛选语句，用于控制返回对象。</maml:para>
                </maml:description>
                <command:parametervalue required="false" variablelength="false">string</command:parametervalue>
            </command:parameter>
        </command:syntaxitem>
    </command:syntax>
    <!-- Cmdlet parameter section  -->
    <command:parameters>
        <command:parameter required="true" variablelength="false" globbing="false" pipelineinput="true" position="named">
            <maml:name>ExternalDomainName</maml:name>
            <maml:description>
                <maml:para>Azure Active Directory 中 externalDomainFederation 的唯一标识符</maml:para>
            </maml:description>
            <command:parametervalue required="true" variablelength="false">string</command:parametervalue>
            <dev:type>
                <maml:name>string</maml:name>
                <maml:uri/>
            </dev:type>
            <dev:defaultvalue></dev:defaultvalue>
        </command:parameter>
        <command:parameter required="false" variablelength="false" globbing="false" pipelineinput="true" position="named">
            <maml:name>All</maml:name>
            <maml:description>
                <maml:para>表示是否从服务器返回特定查询的所有结果的布尔值</maml:para>
            </maml:description>
            <command:parametervalue required="false" variablelength="false">bool?</command:parametervalue>
            <dev:type>
                <maml:name>bool?</maml:name>
                <maml:uri/>
            </dev:type>
            <dev:defaultvalue></dev:defaultvalue>
        </command:parameter>
        <command:parameter required="false" variablelength="false" globbing="false" pipelineinput="true" position="named">
            <maml:name>Top</maml:name>
            <maml:description>
                <maml:para>要返回的最大记录数。</maml:para>
            </maml:description>
            <command:parametervalue required="false" variablelength="false">int?</command:parametervalue>
            <dev:type>
                <maml:name>int?</maml:name>
                <maml:uri/>
            </dev:type>
            <dev:defaultvalue></dev:defaultvalue>
        </command:parameter>
        <command:parameter required="false" variablelength="false" globbing="false" pipelineinput="true" position="named">
            <maml:name>Filter</maml:name>
            <maml:description>
                <maml:para>oData v3.0 筛选语句，用于控制返回对象。</maml:para>
            </maml:description>
            <command:parametervalue required="false" variablelength="false">string</command:parametervalue>
            <dev:type>
                <maml:name>string</maml:name>
                <maml:uri/>
            </dev:type>
            <dev:defaultvalue></dev:defaultvalue>
        </command:parameter>
    </command:parameters>
    <command:inputtypes>
    </command:inputtypes>
    <command:returnvalues>
    </command:returnvalues>
    <!-- Error section-->
    <command:terminatingerrors/>
    <command:nonterminatingerrors/>
    <!-- Notes section  -->
    <maml:alertset>
        <maml:title></maml:title>
        <maml:alert>
            <maml:para>
            </maml:para>
        </maml:alert>
        <maml:alert>
            <maml:para></maml:para>
        </maml:alert>
    </maml:alertset>
    <!-- Example section  -->
    <command:examples>
    <command:example>
        <maml:title>示例 1: 获取给定外部域的外部域联盟设置。</maml:title>
        <dev:code>Get-AzureADExternalFederationDomain -ExternalDomainName "test.com" 
</dev:code>
        <dev:remarks>
          <maml:para>此命令获取外部域联盟设置。</maml:para>
        </dev:remarks>
      </command:example>
    </command:examples>
    <!-- Link section  -->
    <maml:relatedlinks>
    </maml:relatedlinks>
</command:command>
<command:command xmlns:maml="http://schemas.microsoft.com/maml/2004/10" xmlns:command="http://schemas.microsoft.com/maml/dev/command/2004/10" xmlns:dev="http://schemas.microsoft.com/maml/dev/2004/10">
    <command:details>
        <command:name>
            New-AzureADExternalDomainFederation
        </command:name>
        <maml:description>
            <maml:para>在 Azure Active Directory 中新建 externalDomainFederation</maml:para>
        </maml:description>
        <maml:copyright>
            <maml:para></maml:para>
        </maml:copyright>
        <command:verb>New</command:verb>
        <command:noun>AzureADExternalDomainFederation</command:noun>
        <dev:version></dev:version>
    </command:details>
    <maml:description>
        <maml:para></maml:para>
    </maml:description>
    <!-- Cmdlet syntax section-->
    <command:syntax>
        <command:syntaxitem>
            <maml:name>New-AzureADExternalDomainFederation</maml:name>
             <command:parameter required="true" variablelength="false" globbing="false" pipelineinput="true" position="named">
                <maml:name>ExternalDomainName</maml:name>
                <maml:description>
                    <maml:para>要为其配置设置的外部域。</maml:para>
                </maml:description>
                <command:parametervalue required="true" variablelength="false">string</command:parametervalue>
            </command:parameter>
             <command:parameter required="true" variablelength="false" globbing="false" pipelineinput="true" position="named">
                <maml:name>FederationSettings</maml:name>
                <maml:description>
                    <maml:para>外部域的联盟设置。</maml:para>
                    <maml:para>$federationSettings = New-Object -TypeName Microsoft.Open.AzureAD.Model.DomainFederationSettings</maml:para>
                    <maml:para>最后，可以将此变量传递到给 cmdlet:</maml:para>
                    <maml:para>New-AzureADExternalDomainFederation -FederationSettings $federationSettings ...</maml:para>
                </maml:description>
                <command:parametervalue required="true" variablelength="false"></command:parametervalue>
                <dev:type>
                  <maml:name>DomainFederationSettings</maml:name>
                  <maml:uri/>
                </dev:type>
            </command:parameter>
        </command:syntaxitem>
    </command:syntax>
    <!-- Cmdlet parameter section  -->
    <command:parameters>
     <command:parameter required="true" variablelength="false" globbing="false" pipelineinput="true" position="named">
            <maml:name>ExternalDomainName</maml:name>
            <maml:description>
                <maml:para>Azure Active Directory 中 externalDomainFederation 的唯一标识符</maml:para>
            </maml:description>
            <command:parametervalue required="true" variablelength="false">string</command:parametervalue>
            <dev:type>
                <maml:name>string</maml:name>
                <maml:uri/>
            </dev:type>
            <dev:defaultvalue></dev:defaultvalue>
        </command:parameter>
         <command:parameter required="true" variablelength="false" globbing="false" pipelineinput="true" position="named">
            <maml:name>FederationSettings</maml:name>
            <maml:description>
                <maml:para>外部域的联盟设置。</maml:para>
            </maml:description>
            <command:parametervalue required="true" variablelength="false">string</command:parametervalue>
            <dev:type>
                <maml:name>DomainFederationSettings</maml:name>
                <maml:uri/>
            </dev:type>
            <dev:defaultvalue></dev:defaultvalue>
        </command:parameter>
    </command:parameters>
    <!-- Input - Output section-->
    <command:inputtypes/>
    <command:returnvalues>
    </command:returnvalues>
    <!-- Error section-->
    <command:terminatingerrors/>
    <command:nonterminatingerrors/>
    <!-- Notes section  -->
    <maml:alertset>
        <maml:title></maml:title>
        <maml:alert>
            <maml:para>
            </maml:para>
        </maml:alert>
        <maml:alert>
            <maml:para></maml:para>
        </maml:alert>
    </maml:alertset>
    <!-- Example section  -->
    <command:examples>
     <command:example>
        <maml:title>示例 1: 创建新的外部域联盟。</maml:title>
        <dev:code>$federationSettings = New-Object Microsoft.Open.AzureAD.Model.DomainFederationSettings
$federationSettings.ActiveLogOnUri="https://adfs.com/adfs/ls"
$federationSettings.IssuerUri = "http://adfs.com/adfs/services/trust"
$federationSettings.LogOffUri = $federationSettings.ActiveLogOnUri
$federationSettings.FederationBrandName = "Contoso Misa1 US"
$federationSettings.MetadataExchangeUri="http://adfs.com/FederationMetadata.xml"
$federationSettings.PassiveLogOnUri=$federationSettings.ActiveLogOnUri
$federationSettings.PreferredAuthenticationProtocol="WsFed"
$federationSettings.SigningCertificate="X509 signing public key"
New-AzureADExternalFederationDomain -ExternalDomainName "adfs.com" -FederationSettings $federationSettings
</dev:code>
        <dev:remarks>
          <maml:para>此命令创建新的外部联盟域设置。</maml:para>
        </dev:remarks>
      </command:example>
    </command:examples>
    <!-- Link section  -->
    <maml:relatedlinks>
    </maml:relatedlinks>
</command:command>
<command:command xmlns:maml="http://schemas.microsoft.com/maml/2004/10" xmlns:command="http://schemas.microsoft.com/maml/dev/command/2004/10" xmlns:dev="http://schemas.microsoft.com/maml/dev/2004/10">
    <command:details>
        <command:name>
            Remove-AzureADExternalDomainFederation
        </command:name>
        <maml:description>
            <maml:para>按外部域名删除 externalDomainFederation。</maml:para>
        </maml:description>
        <maml:copyright>
            <maml:para></maml:para>
        </maml:copyright>
        <command:verb>Remove</command:verb>
        <command:noun>AzureADExternalDomainFederation</command:noun>
        <dev:version></dev:version>
    </command:details>
    <maml:description>
        <maml:para></maml:para>
    </maml:description>
    <!-- Cmdlet syntax section-->
    <command:syntax>
        <command:syntaxitem>
            <maml:name>Remove-AzureADExternalDomainFederation</maml:name>
            <command:parameter required="true" variablelength="false" globbing="false" pipelineinput="true" position="named">
                <maml:name>ExternalDomainName</maml:name>
                <maml:description>
                    <maml:para>Azure Active Directory 中 externalDomainFederation 的唯一标识符</maml:para>
                </maml:description>
                <command:parametervalue required="true" variablelength="false">string</command:parametervalue>
            </command:parameter>
        </command:syntaxitem>
    </command:syntax>
    <!-- Cmdlet parameter section  -->
    <command:parameters>
        <command:parameter required="true" variablelength="false" globbing="false" pipelineinput="true" position="named">
            <maml:name>ExternalDomainName</maml:name>
            <maml:description>
                <maml:para>Azure Active Directory 中 externalDomainFederation 的唯一标识符</maml:para>
            </maml:description>
            <command:parametervalue required="true" variablelength="false">string</command:parametervalue>
            <dev:type>
                <maml:name>string</maml:name>
                <maml:uri/>
            </dev:type>
            <dev:defaultvalue></dev:defaultvalue>
        </command:parameter>
    </command:parameters>
    <!-- Input - Output section-->
    <command:inputtypes>
    </command:inputtypes>
    <command:returnvalues>
    </command:returnvalues>
    <!-- Error section-->
    <command:terminatingerrors/>
    <command:nonterminatingerrors/>
    <!-- Notes section  -->
    <maml:alertset>
        <maml:title></maml:title>
        <maml:alert>
            <maml:para>
            </maml:para>
        </maml:alert>
        <maml:alert>
            <maml:para></maml:para>
        </maml:alert>
    </maml:alertset>
    <!-- Example section  -->
    <command:examples>
      <command:example>
        <maml:title>示例 1: 删除给定外部域的外部域联盟设置。</maml:title>
        <dev:code>Remove-AzureADExternalFederationDomain -ExternalDomainName "test.com" 
</dev:code>
        <dev:remarks>
          <maml:para>此命令删除外部域联盟设置。</maml:para>
        </dev:remarks>
      </command:example>
    </command:examples>
    <!-- Link section  -->
    <maml:relatedlinks>
    </maml:relatedlinks>
</command:command>
</helpItems>
